음식명,코드,재료,맛,나라종류+형태소,속성종류,음식종류,번호,imgPath,주재료,,,,,,,,,,,,,,,
감자수제비,1000100000020002,"밀가루,육수,감자|양파,호박,파,간장,계란,,,,","고소한,뜨거운,쫀득한",1000,1000,0002,0002,f_002,밀가루,육수,감자,양파,호박,파,간장,계란,,,,,,,,
제육볶음,1000100000010007,"돼지고기,고추장|파,당근,마늘,소금,후추,간장,양파,설탕,,","달콤한,매운,쫄깃한,따뜻한",1000,1000,0001,0007,f_027,돼지고기,고추장,파,당근,마늘,소금,후추,간장,양파,설탕,,,,,,
닭갈비,1000100000010003,,"짭짤한,매운,뜨거운,쫄깃한",1000,1000,0001,0003,f_006,닭고기,고추장,양배추,고구마,양파,파,떡,상추,깻잎,,,,,,,
삼계탕,1000100000010004,"닭고기|쌀,인삼,마늘,대추,파,소금,후추,,,,","뜨거운,담백한",1000,1000,0001,0004,f_009,닭고기,쌀,인삼,마늘,대추,파,소금,후추,,,,,,,,
갈비탕,1000100000020003,"소고기,육수|무,파,마늘,양파,소금,,,,,","짭짤한,뜨거운,담백한",1000,1000,0002,0003,f_004,소고기,육수,무,파,마늘,양파,소금,,,,,,,,,
순두부찌개,1000100000020008,"순두부,육수,고춧가루|간장,파,양파,계란,,,,,","매콤한,부드러운,뜨거운",1000,1000,0002,0008,f_017,순두부,육수,고춧가루,간장,파,양파,계란,,,,,,,,,
김치찌개,1000100000020006,"김치,육수,고춧가루|참기름,돼지고기,두부,파,,,,,","달콤한,얼큰한,뜨거운",1000,1000,0002,0006,f_015,김치,육수,고춧가루,참기름,돼지고기,두부,파,,,,,,,,,
된장찌개,1000100000020007,"된장,육수|소고기,두부,양파,파,고추,,,,,","구수한,뜨거운",1000,1000,0002,0007,f_016,된장,육수,소고기,두부,양파,파,고추,,,,,,,,,